"Data Source","World Development Indicators",

"Last Updated Date","2016-08-10",

"Country Name","Country Code","Indicator Name","Indicator Code","1960","1961","1962","1963","1964","1965","1966","1967","1968","1969","1970","1971","1972","1973","1974","1975","1976","1977","1978","1979","1980","1981","1982","1983","1984","1985","1986","1987","1988","1989","1990","1991","1992","1993","1994","1995","1996","1997","1998","1999","2000","2001","2002","2003","2004","2005","2006","2007","2008","2009","2010","2011","2012","2013","2014","2015",
"Aruba","ABW","Researchers in R&D (per million people)","SP.POP.SCIE.RD.P6","","","","","","","","","","","","","","","","","","","","","","","","","","","","","","","","","","","","","","","","","","","","","","","","","","","","","","","","",
"Andorra","AND","Researchers in R&D (per million people)","SP.POP.SCIE.RD.P6","","","","","","","","","","","","","","","","","","","","","","","","","","","","","","","","","","","","","","","","","","","","","","","","","","","","","","","","",
"Afghanistan","AFG","Researchers in R&D (per million people)","SP.POP.SCIE.RD.P6","","","","","","","","","","","","","","","","","","","","","","","","","","","","","","","","","","","","","","","","","","","","","","","","","","","","","","","","",
"Angola","AGO","Researchers in R&D (per million people)","SP.POP.SCIE.RD.P6","","","","","","","","","","","","","","","","","","","","","","","","","","","","","","","","","","","","","","","","","","","","","","","","","","","","52.41019","","","","",
"Albania","ALB","Researchers in R&D (per million people)","SP.POP.SCIE.RD.P6","","","","","","","","","","","","","","","","","","","","","","","","","","","","","","","","","","","","","","","","","","","","","","","","","157.34364","","","","","","","",
"Arab World","ARB","Researchers in R&D (per million people)","SP.POP.SCIE.RD.P6","","","","","","","","","","","","","","","","","","","","","","","","","","","","","","","","","","","","","","","","","","","","","","","","","","","","","","","","",
"United Arab Emirates","ARE","Researchers in R&D (per million people)","SP.POP.SCIE.RD.P6","","","","","","","","","","","","","","","","","","","","","","","","","","","","","","","","","","","","","","","","","","","","","","","","","","","","","","","","",
"Argentina","ARG","Researchers in R&D (per million people)","SP.POP.SCIE.RD.P6","","","","","","","","","","","","","","","","","","","","","","","","","","","","","","","","","","","","","","692.19245","701.37674","709.56019","712.947","684.67972","688.39756","714.36635","760.95869","814.09121","885.77116","967.75316","1028.25873","1071.53079","1154.21353","1208.47788","1225.74421","","","",
"Armenia","ARM","Researchers in R&D (per million people)","SP.POP.SCIE.RD.P6","","","","","","","","","","","","","","","","","","","","","","","","","","","","","","","","","","","","","","","","","","","","","","","","","","","","","","","","",
"American Samoa","ASM","Researchers in R&D (per million people)","SP.POP.SCIE.RD.P6","","","","","","","","","","","","","","","","","","","","","","","","","","","","","","","","","","","","","","","","","","","85.1368103027344","405.974578857422","151.867980957031","101.49365234375","","","","","","","","","","",
"Antigua and Barbuda","ATG","Researchers in R&D (per million people)","SP.POP.SCIE.RD.P6","","","","","","","","","","","","","","","","","","","","","","","","","","","","","","","","","","","","","","","","","","","","","","","","","","","","","","","","",
"Australia","AUS","Researchers in R&D (per million people)","SP.POP.SCIE.RD.P6","","","","","","","","","","","","","","","","","","","","","","","","","","","","","","","","","","","","","3332.22115","","3360.08937","","3454.25933","","3749.69542","","4062.52541","","4231.77886","","4335.39033","","","","","","","",
"Austria","AUT","Researchers in R&D (per million people)","SP.POP.SCIE.RD.P6","","","","","","","","","","","","","","","","","","","","","","","","","","","","","","","","","","","","","","","2332.59539","","","","2972.88944","","3166.57199","3457.20594","3530.94528","3815.7443","4141.92462","4145.70019","4359.02777","4405.9524","4655.19568","4703.99184","","",
"Azerbaijan","AZE","Researchers in R&D (per million people)","SP.POP.SCIE.RD.P6","","","","","","","","","","","","","","","","","","","","","","","","","","","","","","","","","","","","","","","","","","","","","","","","","","","","","","","","",
"Burundi","BDI","Researchers in R&D (per million people)","SP.POP.SCIE.RD.P6","","","","","","","","","","","","","","","","","","","","","","","","","","","","","","","","","","","","","","","","","","","","","","","","","","","","","","","","",
"Belgium","BEL","Researchers in R&D (per million people)","SP.POP.SCIE.RD.P6","","","","","","","","","","","","","","","","","","","","","","","","","","","","","","","","","","","","","2467.31046","2574.3516","2700.63279","2904.20978","2974.14344","3126.31842","2958.92254","2965.33875","3087.91446","3138.40031","3280.55164","3392.71562","3411.62698","3521.65539","3735.82335","3878.70007","3954.39803","4003.28061","","",
"Benin","BEN","Researchers in R&D (per million people)","SP.POP.SCIE.RD.P6","","","","","","","","","","","","","","","","","","","","","","","","","","","","","","","","","","","","","","","","","","","","","","","","","","","","","","","","",
"Burkina Faso","BFA","Researchers in R&D (per million people)","SP.POP.SCIE.RD.P6","","","","","","","","","","","","","","","","","","","","","","","","","","","","","","","","","","","","","","","","","","","","","","","","","","","47.495","","","","","",
"Bangladesh","BGD","Researchers in R&D (per million people)","SP.POP.SCIE.RD.P6","","","","","","","","","","","","","","","","","","","","","","","","","","","","","","","","","","","","","","","","","","","","","","","","","","","","","","","","",
"Bulgaria","BGR","Researchers in R&D (per million people)","SP.POP.SCIE.RD.P6","","","","","","","","","","","","","","","","","","","","","","","","","","","","","","","","","","","","","1782.671","1460.98933","1472.25509","1311.64304","1184.79947","1161.65214","1172.04914","1228.56497","1269.18894","1308.53899","1355.61014","1480.23791","1515.10997","1604.27729","1482.18709","1618.16808","1547.15234","1692.51072","","",
"Bahrain","BHR","Researchers in R&D (per million people)","SP.POP.SCIE.RD.P6","","","","","","","","","","","","","","","","","","","","","","","","","","","","","","","","","","","","","","","","","","","","","","","","","","32.58761","38.0554","50.53545","36.74329","49.6507","","",
"Bahamas, The","BHS","Researchers in R&D (per million people)","SP.POP.SCIE.RD.P6","","","","","","","","","","","","","","","","","","","","","","","","","","","","","","","","","","","","","","","","","","","","","","","","","","","","","","","","",
"Bosnia and Herzegovina","BIH","Researchers in R&D (per million people)","SP.POP.SCIE.RD.P6","","","","","","","","","","","","","","","","","","","","","","","","","","","","","","","","","","","","","","","","","","","","60.70448","62.40512","65.95047","174.83973","194.03357","","","","","150.79332","216.68441","","",
"Belarus","BLR","Researchers in R&D (per million people)","SP.POP.SCIE.RD.P6","","","","","","","","","","","","","","","","","","","","","","","","","","","","","","","","","","","","","","","","","","","","","","","","","","","","","","","","",
"Belize","BLZ","Researchers in R&D (per million people)","SP.POP.SCIE.RD.P6","","","","","","","","","","","","","","","","","","","","","","","","","","","","","","","","","","","","","","","","","","","","","","","","","","","","","","","","",
"Bermuda","BMU","Researchers in R&D (per million people)","SP.POP.SCIE.RD.P6","","","","","","","","","","","","","","","","","","","","","","","","","","","","","","","","","","","","","","","","","","","","","","","","","","","","","","","","",
"Bolivia","BOL","Researchers in R&D (per million people)","SP.POP.SCIE.RD.P6","","","","","","","","","","","","","","","","","","","","","","","","","","","","","","","","","","","","","","","73.50874","73.32534","71.94666","123.58207","120.18477","","","","","","","145.71465","165.95426","","","","","",
"Brazil","BRA","Researchers in R&D (per million people)","SP.POP.SCIE.RD.P6","","","","","","","","","","","","","","","","","","","","","","","","","","","","","","","","","","","","","","","","","420.25426","436.76305","454.21156","490.22112","538.57704","580.48833","588.98288","603.10859","618.8283","656.33527","698.10212","","","","","",
"Barbados","BRB","Researchers in R&D (per million people)","SP.POP.SCIE.RD.P6","","","","","","","","","","","","","","","","","","","","","","","","","","","","","","","","","","","","","","","","","","","","","","","","","","","","","","","","",
"Brunei Darussalam","BRN","Researchers in R&D (per million people)","SP.POP.SCIE.RD.P6","","","","","","","","","","","","","","","","","","","","","","","","","","","","","","","","","","","","","","","","","","","288.30781","280.35485","286.47737","","","","","","","","","","","",
"Bhutan","BTN","Researchers in R&D (per million people)","SP.POP.SCIE.RD.P6","","","","","","","","","","","","","","","","","","","","","","","","","","","","","","","","","","","","","","","","","","","","","","","","","","","","","","","","",
"Botswana","BWA","Researchers in R&D (per million people)","SP.POP.SCIE.RD.P6","","","","","","","","","","","","","","","","","","","","","","","","","","","","","","","","","","","","","","","","","","","","","","","","","","","","","164.8989","","","",
"Central African Republic","CAF","Researchers in R&D (per million people)","SP.POP.SCIE.RD.P6","","","","","","","","","","","","","","","","","","","","","","","","","","","","","","","","","","","","","","","","","","","","","","","","","","","","","","","","",
"Canada","CAN","Researchers in R&D (per million people)","SP.POP.SCIE.RD.P6","","","","","","","","","","","","","","","","","","","","","","","","","","","","","","","","","","","","","3058.02936","3119.40387","3158.51825","3242.84351","3514.44013","3694.90268","3706.14549","3900.10404","4084.76793","4237.92748","4313.21086","4588.22201","4711.77034","4451.41681","4649.21748","4727.25939","4489.77062","","","",
"Central Europe and the Baltics","CEB","Researchers in R&D (per million people)","SP.POP.SCIE.RD.P6","","","","","","","","","","","","","","","","","","","","","","","","","","","","","","","","","","","","","1405.39223300822","1394.39841352821","1405.01595052356","1380.45000076056","1373.22307421628","1388.06806528385","1409.43449864163","1420.85601348824","1489.77122527766","1607.88472839807","1613.8096393189","1676.98835276977","1741.8418244602","1758.57214540695","1830.5550363848","1846.64646253076","1919.63065460065","1997.60028400989","","",
"Switzerland","CHE","Researchers in R&D (per million people)","SP.POP.SCIE.RD.P6","","","","","","","","","","","","","","","","","","","","","","","","","","","","","","","","","","","","","3131.1826","","","","3643.11003","","","","3457.99402","","","","3287.98299","","","","4481.07378","","","",
"Channel Islands","CHI","Researchers in R&D (per million people)","SP.POP.SCIE.RD.P6","","","","","","","","","","","","","","","","","","","","","","","","","","","","","","","","","","","","","","","","","","","","","","","","","","","","","","","","",
"Chile","CHL","Researchers in R&D (per million people)","SP.POP.SCIE.RD.P6","","","","","","","","","","","","","","","","","","","","","","","","","","","","","","","","","","","","","","","","","","","","","","","","337.18288","357.9897","288.71137","319.71699","353.36854","390.95003","","","",
"China","CHN","Researchers in R&D (per million people)","SP.POP.SCIE.RD.P6","","","","","","","","","","","","","","","","","","","","","","","","","","","","","","","","","","","","","442.56548","471.99494","386.77167","420.60209","547.30387","581.53188","631.07801","667.53208","713.28449","856.84548","932.31417","1078.62521","1200.2949","863.9263","902.95975","977.68206","1035.87909","1089.19205","","",
"Cote d'Ivoire","CIV","Researchers in R&D (per million people)","SP.POP.SCIE.RD.P6","","","","","","","","","","","","","","","","","","","","","","","","","","","","","","","","","","","","","","","","","","","","","","69.98405","","","","","","","","","","",
"Cameroon","CMR","Researchers in R&D (per million people)","SP.POP.SCIE.RD.P6","","","","","","","","","","","","","","","","","","","","","","","","","","","","","","","","","","","","","","","","","","","","","","","","","","","","","","","","",
"Congo, Rep.","COG","Researchers in R&D (per million people)","SP.POP.SCIE.RD.P6","","","","","","","","","","","","","","","","","","","","","","","","","","","","","","","","","","","","","50.7886","49.58871","40.72115","36.36251","32.72473","","","","","","","","","","","","","","","",
"Colombia","COL","Researchers in R&D (per million people)","SP.POP.SCIE.RD.P6","","","","","","","","","","","","","","","","","","","","","","","","","","","","","","","","","","","","","70.12003","74.16146","","","99.27162","111.15058","126.83357","138.34698","154.81655","165.47303","176.28238","184.99694","182.21581","165.13044","184.88352","160.65925","164.28984","","","",
"Comoros","COM","Researchers in R&D (per million people)","SP.POP.SCIE.RD.P6","","","","","","","","","","","","","","","","","","","","","","","","","","","","","","","","","","","","","","","","","","","","","","","","","","","","","","","","",
"Cabo Verde","CPV","Researchers in R&D (per million people)","SP.POP.SCIE.RD.P6","","","","","","","","","","","","","","","","","","","","","","","","","","","","","","","","","","","","","","","","","","100.5908","131.75346","","","","","","","","","50.48883","","","","",
"Costa Rica","CRI","Researchers in R&D (per million people)","SP.POP.SCIE.RD.P6","","","","","","","","","","","","","","","","","","","","","","","","","","","","","","","","","","","","","","","","","","","","132.81725","109.62401","124.01588","","","263.00901","997.93662","1232.70923","1327.46816","","","","",
"Caribbean small states","CSS","Researchers in R&D (per million people)","SP.POP.SCIE.RD.P6","","","","","","","","","","","","","","","","","","","","","","","","","","","","","","","","","","","","","","","","","","","","","","","","","","","","","","","","",
"Cuba","CUB","Researchers in R&D (per million people)","SP.POP.SCIE.RD.P6","","","","","","","","","","","","","","","","","","","","","","","","","","","","","","","","","","","","","","","","","","","","","","","","","","","","","","","","",
"Curacao","CUW","Researchers in R&D (per million people)","SP.POP.SCIE.RD.P6","","","","","","","","","","","","","","","","","","","","","","","","","","","","","","","","","","","","","","","","","","","","","","","","","","","","","","","","",
"Cayman Islands","CYM","Researchers in R&D (per million people)","SP.POP.SCIE.RD.P6","","","","","","","","","","","","","","","","","","","","","","","","","","","","","","","","","","","","","","","","","","","","","","","","","","","","","","","","",
"Cyprus","CYP","Researchers in R&D (per million people)","SP.POP.SCIE.RD.P6","","","","","","","","","","","","","","","","","","","","","","","","","","","","","","","","","","","","","","","259.90044","300.3811","321.21719","346.34034","443.93055","490.90818","573.91662","660.47767","713.54097","751.618","748.36817","800.56048","819.98034","819.41962","776.5852","775.19244","","",
"Czech Republic","CZE","Researchers in R&D (per million people)","SP.POP.SCIE.RD.P6","","","","","","","","","","","","","","","","","","","","","","","","","","","","","","","","","","","","","1255.29187","1219.72077","1220.23966","1316.567","1349.7015","1462.96546","1464.42152","1548.10404","1596.11502","2362.36532","2557.30588","2698.59737","2864.51845","2749.45014","2781.85443","2912.62889","3149.99155","3249.88938","","",
"Germany","DEU","Researchers in R&D (per million people)","SP.POP.SCIE.RD.P6","","","","","","","","","","","","","","","","","","","","","","","","","","","","","","","","","","","","","2811.61389","2875.74074","2898.56684","3107.28263","3148.80136","3231.71759","3253.51966","3297.09098","3318.86921","3349.64573","3452.20997","3597.23882","3751.78161","3940.73576","4077.76719","4211.25463","4379.07515","4472.24166","","",
"Djibouti","DJI","Researchers in R&D (per million people)","SP.POP.SCIE.RD.P6","","","","","","","","","","","","","","","","","","","","","","","","","","","","","","","","","","","","","","","","","","","","","","","","","","","","","","","","",
"Dominica","DMA","Researchers in R&D (per million people)","SP.POP.SCIE.RD.P6","","","","","","","","","","","","","","","","","","","","","","","","","","","","","","","","","","","","","","","","","","","","","","","","","","","","","","","","",
"Denmark","DNK","Researchers in R&D (per million people)","SP.POP.SCIE.RD.P6","","","","","","","","","","","","","","","","","","","","","","","","","","","","","","","","","","","","","3178.10864","3318.56206","","3561.4852","","3632.88055","4758.17173","4622.36787","4846.94659","5201.29439","5301.9463","5519.31521","6496.76342","6660.14333","6743.89777","7025.8153","7310.51682","7264.55752","","",
"Dominican Republic","DOM","Researchers in R&D (per million people)","SP.POP.SCIE.RD.P6","","","","","","","","","","","","","","","","","","","","","","","","","","","","","","","","","","","","","","","","","","","","","","","","","","","","","","","","",
"Algeria","DZA","Researchers in R&D (per million people)","SP.POP.SCIE.RD.P6","","","","","","","","","","","","","","","","","","","","","","","","","","","","","","","","","","","","","","","","","","","","","","168.12009","","","","","","","","","","",
"East Asia & Pacific (excluding high income)","EAP","Researchers in R&D (per million people)","SP.POP.SCIE.RD.P6","","","","","","","","","","","","","","","","","","","","","","","","","","","","","","","","","","","","","421.022468107784","437.950018575448","369.313603751921","394.936618786881","495.762841664553","501.046831933394","568.740979229412","615.524803074242","709.173365859195","786.170355770875","921.25360076372","984.149450239671","1188.23707980263","735.045636975057","914.573682257611","970.914234414339","1051.81643812852","1089.19205","","",
"Early-demographic dividend","EAR","Researchers in R&D (per million people)","SP.POP.SCIE.RD.P6","","","","","","","","","","","","","","","","","","","","","","","","","","","","","","","","","","","","","","","","","","","","","","175.923250798347","","","","","","","","","","",
"East Asia & Pacific","EAS","Researchers in R&D (per million people)","SP.POP.SCIE.RD.P6","","","","","","","","","","","","","","","","","","","","","","","","","","","","","","","","","","","","","898.117278412808","882.791765111017","871.596713975624","861.081866271929","938.65878635446","914.746138013217","1026.41674387257","1070.09823716226","1223.78748081338","1253.42098896227","1457.19829971704","1454.24925785763","1692.11842137427","1181.14336299561","1431.88285704816","1480.28842329431","1575.38638967862","1605.69371837836","","",
"Europe & Central Asia (excluding high income)","ECA","Researchers in R&D (per million people)","SP.POP.SCIE.RD.P6","","","","","","","","","","","","","","","","","","","","","","","","","","","","","","","","","","","","","","","","","","","","","","","2049.87241750013","1979.70559322489","1936.05181420166","1923.31330357177","1936.36463673822","1832.9669151086","1956.41825326299","1947.56582134041","","",
"Europe & Central Asia","ECS","Researchers in R&D (per million people)","SP.POP.SCIE.RD.P6","","","","","","","","","","","","","","","","","","","","","","","","","","","","","","","","","","","","","2283.63143567709","2265.63352746338","2213.05298837092","2309.61095814989","2359.22252470655","2436.90739217109","2450.35977657547","2518.57577692982","2600.7112233435","2651.8566538054","2641.50375307512","2636.12033543083","2709.65921514069","2734.57161013191","2791.60822521459","2736.47653176084","2888.23195532709","2916.71323982863","","",
"Ecuador","ECU","Researchers in R&D (per million people)","SP.POP.SCIE.RD.P6","","","","","","","","","","","","","","","","","","","","","","","","","","","","","","","","","","","","","84.13589","78.1552","83.36151","","","39.99143","42.07448","48.53419","","","70.5209","65.04533","103.23306","118.34982","141.30002","180.29544","","","","",
"Egypt, Arab Rep.","EGY","Researchers in R&D (per million people)","SP.POP.SCIE.RD.P6","","","","","","","","","","","","","","","","","","","","","","","","","","","","","","","","","","","","","","","","","","","","","","","","636.07747","442.26912","437.05784","496.7285","496.11617","521.73978","543.88625","","",
"Euro area","EMU","Researchers in R&D (per million people)","SP.POP.SCIE.RD.P6","","","","","","","","","","","","","","","","","","","","","","","","","","","","","","","","","","","","","2132.58579851197","2146.47618355428","2239.52090207283","2300.62558520486","2452.99157011218","2481.58775992811","2577.77673060092","2590.46861701699","2731.18100035382","2764.29925942098","2884.66213892096","2998.07895945641","3177.25577026593","3254.00011948128","3364.76527140476","3398.44667777779","3508.53826873701","3580.39055677358","","",
"Eritrea","ERI","Researchers in R&D (per million people)","SP.POP.SCIE.RD.P6","","","","","","","","","","","","","","","","","","","","","","","","","","","","","","","","","","","","","","","","","","","","","","","","","","","","","","","","",
"Spain","ESP","Researchers in R&D (per million people)","SP.POP.SCIE.RD.P6","","","","","","","","","","","","","","","","","","","","","","","","","","","","","","","","","","","","","1294.74546","1347.20228","1501.03148","1524.24015","1881.47426","1942.26519","1992.51062","2178.27246","2339.60558","2501.90167","2599.99534","2712.35021","2858.90072","2890.22244","2889.45684","2788.25639","2718.38425","2652.55124","","",
"Estonia","EST","Researchers in R&D (per million people)","SP.POP.SCIE.RD.P6","","","","","","","","","","","","","","","","","","","","","","","","","","","","","","","","","","","","","","","2117.48109","2138.44928","1905.4494","1926.34618","2212.28218","2197.55406","2470.75829","2457.10214","2603.43909","2745.05982","2969.53373","3229.0105","3060.60631","3396.66342","3460.62053","3338.5099","","",
"Ethiopia","ETH","Researchers in R&D (per million people)","SP.POP.SCIE.RD.P6","","","","","","","","","","","","","","","","","","","","","","","","","","","","","","","","","","","","","","","","","","","","","","20.98986","","19.9649","","","42.26728","","","45.12264","","",
"European Union","EUU","Researchers in R&D (per million people)","SP.POP.SCIE.RD.P6","","","","","","","","","","","","","","","","","","","","","","","","","","","","","","","","","","","","","2030.86195459223","2084.91880672206","2109.67376211208","2226.32812724137","2269.15856168621","2389.11799053206","2455.76333626906","2559.07926423052","2688.97384719419","2788.4922084003","2875.17368681589","2937.83025209458","3081.01255930691","3134.40052681394","3221.51507298799","3236.38411161498","3336.22328419344","3429.52512186553","","",
"Fragile and conflict affected situations","FCS","Researchers in R&D (per million people)","SP.POP.SCIE.RD.P6","","","","","","","","","","","","","","","","","","","","","","","","","","","","","","","","","","","","","","","","","","","","","","","","","","","","","","","","",
"Finland","FIN","Researchers in R&D (per million people)","SP.POP.SCIE.RD.P6","","","","","","","","","","","","","","","","","","","","","","","","","","","","","","","","","","","","","","5151.57793","5905.22952","6326.69736","6731.79198","7109.83597","7427.94337","8002.60846","7841.79882","7544.64803","7673.05548","7373.23969","7692.44228","7648.88133","7717.4749","7413.63475","7460.10245","7187.92619","","",
"Fiji","FJI","Researchers in R&D (per million people)","SP.POP.SCIE.RD.P6","","","","","","","","","","","","","","","","","","","","","","","","","","","","","","","","","","","","","","","","","","","","","","","","","","","","","","","","",
"France","FRA","Researchers in R&D (per million people)","SP.POP.SCIE.RD.P6","","","","","","","","","","","","","","","","","","","","","","","","","","","","","","","","","","","","","2649.18224","2638.28223","2645.38383","2714.09473","2897.42654","2970.46248","3103.08065","3188.46222","3325.36438","3306.6814","3418.13213","3580.19482","3653.99215","3741.42203","3867.99292","3939.51136","4075.80509","4153.48377","","",
"Faroe Islands","FRO","Researchers in R&D (per million people)","SP.POP.SCIE.RD.P6","","","","","","","","","","","","","","","","","","","","","","","","","","","","","","","","","","","","","","","","","","","","1780.24340820313","","","","","","","","","","","","",
"Micronesia, Fed. Sts.","FSM","Researchers in R&D (per million people)","SP.POP.SCIE.RD.P6","","","","","","","","","","","","","","","","","","","","","","","","","","","","","","","","","","","","","","","","","","","","","","","","","","","","","","","","",
"Gabon","GAB","Researchers in R&D (per million people)","SP.POP.SCIE.RD.P6","","","","","","","","","","","","","","","","","","","","","","","","","","","","","","","","","","","","","","","","","","","","","","","","","","","","","","","","",
"United Kingdom","GBR","Researchers in R&D (per million people)","SP.POP.SCIE.RD.P6","","","","","","","","","","","","","","","","","","","","","","","","","","","","","","","","","","","","","2492.02289","2499.68342","2697.05988","2856.79052","2897.28334","3082.99185","3341.63327","3638.88524","3825.95705","4128.8698","4188.19153","4131.53362","4083.85884","4116.35039","4091.17544","3979.38352","4029.27837","4055.10043","","",
"Georgia","GEO","Researchers in R&D (per million people)","SP.POP.SCIE.RD.P6","","","","","","","","","","","","","","","","","","","","","","","","","","","","","","","","","","","","","","","","","","","","","","","","","","","","","","561.63442","585.41073","",
"Ghana","GHA","Researchers in R&D (per million people)","SP.POP.SCIE.RD.P6","","","","","","","","","","","","","","","","","","","","","","","","","","","","","","","","","","","","","","","","","","","","","","","","17.41385","","","38.67959","","","","","",
"Gibraltar","GIB","Researchers in R&D (per million people)","SP.POP.SCIE.RD.P6","","","","","","","","","","","","","","","","","","","","","","","","","","","","","","","","","","","","","","","","","","","","","","","","","","","","","","","","",
"Guinea","GIN","Researchers in R&D (per million people)","SP.POP.SCIE.RD.P6","","","","","","","","","","","","","","","","","","","","","","","","","","","","","","","","","","","","","","","","","","","","","","","","","","","","","","","","",
"Gambia, The","GMB","Researchers in R&D (per million people)","SP.POP.SCIE.RD.P6","","","","","","","","","","","","","","","","","","","","","","","","","","","","","","","","","","","","","","","","","","","","","","","","","97.68401","109.21967","","33.50296","","","","",
"Guinea-Bissau","GNB","Researchers in R&D (per million people)","SP.POP.SCIE.RD.P6","","","","","","","","","","","","","","","","","","","","","","","","","","","","","","","","","","","","","","","","","","","","","","","","","","","","","","","","",
"Equatorial Guinea","GNQ","Researchers in R&D (per million people)","SP.POP.SCIE.RD.P6","","","","","","","","","","","","","","","","","","","","","","","","","","","","","","","","","","","","","","","","","","","","","","","","","","","","","","","","",
"Greece","GRC","Researchers in R&D (per million people)","SP.POP.SCIE.RD.P6","","","","","","","","","","","","","","","","","","","","","","","","","","","","","","","","","","","","","","1015.39239","","1351.66163","","1307.94346","","1417.21172","","1769.95323","1793.70335","1887.82947","","","","2212.33265","2232.28916","2628.15504","","",
"Grenada","GRD","Researchers in R&D (per million people)","SP.POP.SCIE.RD.P6","","","","","","","","","","","","","","","","","","","","","","","","","","","","","","","","","","","","","","","","","","","","","","","","","","","","","","","","",
"Greenland","GRL","Researchers in R&D (per million people)","SP.POP.SCIE.RD.P6","","","","","","","","","","","","","","","","","","","","","","","","","","","","","","","","","","","","","","","","","","536.059753417969","539.498352050781","646.901245117188","701.464477539063","","","","","","","","","","","",
"Guatemala","GTM","Researchers in R&D (per million people)","SP.POP.SCIE.RD.P6","","","","","","","","","","","","","","","","","","","","","","","","","","","","","","","","","","","","","","","","","","","","","","29.43072","24.09185","33.84639","38.27972","38.4241","24.6398","24.58589","26.74256","","","",
"Guam","GUM","Researchers in R&D (per million people)","SP.POP.SCIE.RD.P6","","","","","","","","","","","","","","","","","","","","","","","","","","","","","","","","","","","","","","","","","","","","285.12954","316.06761","303.02839","","","","","","","","","","",
"Guyana","GUY","Researchers in R&D (per million people)","SP.POP.SCIE.RD.P6","","","","","","","","","","","","","","","","","","","","","","","","","","","","","","","","","","","","","","","","","","","","","","","","","","","","","","","","",
"High income","HIC","Researchers in R&D (per million people)","SP.POP.SCIE.RD.P6","","","","","","","","","","","","","","","","","","","","","","","","","","","","","","","","","","","","","2853.45928742405","2893.53539370883","2977.52058596282","3045.92118290505","3118.34090102436","3220.13687459329","3256.45909715376","3421.07226395827","3479.48836696323","3552.00685534835","3658.50855278577","3645.35121897783","3752.6301122452","3798.74281038297","3816.16433874902","3902.13489619401","3962.51039913731","","","",
"Hong Kong SAR, China","HKG","Researchers in R&D (per million people)","SP.POP.SCIE.RD.P6","","","","","","","","","","","","","","","","","","","","","","","","","","","","","","","","","","","","","","","1039.53622","1184.30858","1139.23457","1338.25044","1552.06131","1970.26113","2133.09402","2634.13843","2673.05812","2842.5983","2669.89504","2774.82183","2942.98906","2893.29777","2990.20341","","","",
"Honduras","HND","Researchers in R&D (per million people)","SP.POP.SCIE.RD.P6","","","","","","","","","","","","","","","","","","","","","","","","","","","","","","","","","","","","","","","","","","","","","","","","","","","","","","","","",
"Heavily indebted poor countries (HIPC)","HPC","Researchers in R&D (per million people)","SP.POP.SCIE.RD.P6","","","","","","","","","","","","","","","","","","","","","","","","","","","","","","","","","","","","","","","","","","","","","","","","","","","","","","","","",
"Croatia","HRV","Researchers in R&D (per million people)","SP.POP.SCIE.RD.P6","","","","","","","","","","","","","","","","","","","","","","","","","","","","","","","","","","","","","","","1054.37935","1239.36954","1529.3348","1509.82498","1949.61523","1334.99123","1628.26151","1308.11483","1322.64535","1406.66505","1541.61308","1600.54535","1645.80643","1591.5583","1560.05986","1528.50394","","",
"Haiti","HTI","Researchers in R&D (per million people)","SP.POP.SCIE.RD.P6","","","","","","","","","","","","","","","","","","","","","","","","","","","","","","","","","","","","","","","","","","","","","","","","","","","","","","","","",
"Hungary","HUN","Researchers in R&D (per million people)","SP.POP.SCIE.RD.P6","","","","","","","","","","","","","","","","","","","","","","","","","","","","","","","","","","","","","1007.07546","1081.73353","1140.82193","1226.84727","1409.02199","1438.41032","1471.75957","1496.82428","1473.13297","1572.70767","1741.03963","1728.01685","1841.06598","1999.41186","2131.08159","2304.47041","2393.67348","2522.84572","","",
"IBRD only","IBD","Researchers in R&D (per million people)","SP.POP.SCIE.RD.P6","","","","","","","","","","","","","","","","","","","","","","","","","","","","","","","","","","","","","516.992020055456","","464.89449368957","","500.735386411664","","","","","624.942554342535","","","","","684.655954172722","","","","","",
"IDA & IBRD total","IBT","Researchers in R&D (per million people)","SP.POP.SCIE.RD.P6","","","","","","","","","","","","","","","","","","","","","","","","","","","","","","","","","","","","","","","","","","","","","","581.278600964437","","","","","629.807954482669","","","","","",
"IDA total","IDA","Researchers in R&D (per million people)","SP.POP.SCIE.RD.P6","","","","","","","","","","","","","","","","","","","","","","","","","","","","","","","","","","","","","","","","","","","","","","","","","","","","","","","","",
"IDA blend","IDB","Researchers in R&D (per million people)","SP.POP.SCIE.RD.P6","","","","","","","","","","","","","","","","","","","","","","","","","","","","","","","","","","","","","","","","","","","","","","","","","","","","","","","","",
"Indonesia","IDN","Researchers in R&D (per million people)","SP.POP.SCIE.RD.P6","","","","","","","","","","","","","","","","","","","","","","","","","","","","","","","","","","","","","","","","","212.64966","199.21818","","","","","","","","89.5267","","","","","","",
"IDA only","IDX","Researchers in R&D (per million people)","SP.POP.SCIE.RD.P6","","","","","","","","","","","","","","","","","","","","","","","","","","","","","","","","","","","","","","","","","","","","","","","","","","","","","","","","",
"Isle of Man","IMN","Researchers in R&D (per million people)","SP.POP.SCIE.RD.P6","","","","","","","","","","","","","","","","","","","","","","","","","","","","","","","","","","","","","","","","","","","","","","","","","","","","","","","","",
"India","IND","Researchers in R&D (per million people)","SP.POP.SCIE.RD.P6","","","","","","","","","","","","","","","","","","","","","","","","","","","","","","","","","","","","","152.48388","","115.63131","","110.05039","","","","","135.2997","","","","","156.63804","","","","","",
"Not classified","INX","Researchers in R&D (per million people)","SP.POP.SCIE.RD.P6","","","","","","","","","","","","","","","","","","","","","","","","","","","","","","","","","","","","","","","","","","","","","","","","","","","","","","","","",
"Ireland","IRL","Researchers in R&D (per million people)","SP.POP.SCIE.RD.P6","","","","","","","","","","","","","","","","","","","","","","","","","","","","","","","","","","","","","1747.72053","1901.61499","2061.87346","2079.0136","2216.79968","2293.62266","2362.77639","2484.29467","2672.47734","2756.38128","2834.69129","2892.64578","3236.9488","3112.57637","3070.16993","3260.89246","3370.27525","","","",
"Iran, Islamic Rep.","IRN","Researchers in R&D (per million people)","SP.POP.SCIE.RD.P6","","","","","","","","","","","","","","","","","","","","","","","","","","","","","","","","","","","","","","","","","","","","","","","712.68676","","748.20738","712.21617","738.18869","","","","","",
"Iraq","IRQ","Researchers in R&D (per million people)","SP.POP.SCIE.RD.P6","","","","","","","","","","","","","","","","","","","","","","","","","","","","","","","","","","","","","","","","","","","","","","","","370.71388","381.02649","401.9935","416.25421","425.47706","","","","",
"Iceland","ISL","Researchers in R&D (per million people)","SP.POP.SCIE.RD.P6","","","","","","","","","","","","","","","","","","","","","","","","","","","","","","","","","","","","","","4915.35862","5132.28314","5666.79599","","6546.33023","","6614.35906","","7261.79043","7975.61875","7230.48966","7443.31732","7969.49761","","7034.54506","","","","",
"Israel","ISR","Researchers in R&D (per million people)","SP.POP.SCIE.RD.P6","","","","","","","","","","","","","","","","","","","","","","","","","","","","","","","","","","","","","","","","","","","","","","","","","","","","7296.25321","8282.30672","","","",
"Italy","ITA","Researchers in R&D (per million people)","SP.POP.SCIE.RD.P6","","","","","","","","","","","","","","","","","","","","","","","","","","","","","","","","","","","","","1338.91133","1151.62494","1146.34139","1141.36435","1156.83949","1162.88275","1235.64588","1212.58399","1234.17581","1406.284","1500.88077","1572.57868","1614.4224","1712.54417","1735.6563","1778.70461","1853.01357","1973.75037","","",
"Jamaica","JAM","Researchers in R&D (per million people)","SP.POP.SCIE.RD.P6","","","","","","","","","","","","","","","","","","","","","","","","","","","","","","","","","","","","","","","","","","","","","","","","","","","","","","","","",
"Jordan","JOR","Researchers in R&D (per million people)","SP.POP.SCIE.RD.P6","","","","","","","","","","","","","","","","","","","","","","","","","","","","","","","","","","","","","","","1966.96665","","","","","","","","","","","","","","","","","",
"Japan","JPN","Researchers in R&D (per million people)","SP.POP.SCIE.RD.P6","","","","","","","","","","","","","","","","","","","","","","","","","","","","","","","","","","","","","4947.04039","5001.59842","5211.6528","5251.07178","5151.125","5183.76375","4934.94989","5156.09369","5156.82821","5360.19593","5386.99422","5377.68895","5157.7665","5147.8361","5152.63132","5160.2046","5083.74949","5201.31659","","",
"Kazakhstan","KAZ","Researchers in R&D (per million people)","SP.POP.SCIE.RD.P6","","","","","","","","","","","","","","","","","","","","","","","","","","","","","","","","","","","","","","","","","","","","","","","","405.19847","375.22071","347.42678","369.20721","384.43172","609.63811","734.05458","","",
"Kenya","KEN","Researchers in R&D (per million people)","SP.POP.SCIE.RD.P6","","","","","","","","","","","","","","","","","","","","","","","","","","","","","","","","","","","","","","","","","","","","","","","","56.51999","","","230.7312","","","","","",
"Kyrgyz Republic","KGZ","Researchers in R&D (per million people)","SP.POP.SCIE.RD.P6","","","","","","","","","","","","","","","","","","","","","","","","","","","","","","","","","","","","","","","","","","","","","","","","","","","","","","","","",
"Cambodia","KHM","Researchers in R&D (per million people)","SP.POP.SCIE.RD.P6","","","","","","","","","","","","","","","","","","","","","","","","","","","","","","","","","","","","","","","","","","","17.58006","","","","","","","","","","","","","",
"Kiribati","KIR","Researchers in R&D (per million people)","SP.POP.SCIE.RD.P6","","","","","","","","","","","","","","","","","","","","","","","","","","","","","","","","","","","","","","","","","","","","","","","","","","","","","","","","",
"St. Kitts and Nevis","KNA","Researchers in R&D (per million people)","SP.POP.SCIE.RD.P6","","","","","","","","","","","","","","","","","","","","","","","","","","","","","","","","","","","","","","","","","","","","","","","","","","","","","","","","",
"Korea, Rep.","KOR","Researchers in R&D (per million people)","SP.POP.SCIE.RD.P6","","","","","","","","","","","","","","","","","","","","","","","","","","","","","","","","","","","","","2211.22679","2267.02893","2029.42708","2182.82935","2345.35265","2932.46257","3034.38695","3215.21147","3301.31429","3777.10678","4175.01381","4603.83665","4867.81365","5000.85219","5380.27532","5853.32911","6361.60143","6456.62574","","",
"Kosovo","KSV","Researchers in R&D (per million people)","SP.POP.SCIE.RD.P6","","","","","","","","","","","","","","","","","","","","","","","","","","","","","","","","","","","","","","","","","","","","","","","","","","","","","","","","",
"Kuwait","KWT","Researchers in R&D (per million people)","SP.POP.SCIE.RD.P6","","","","","","","","","","","","","","","","","","","","","","","","","","","","","","","","","","","","","","197.47891","186.83684","175.91649","167.92176","168.84235","169.42389","170.8021","172.17949","169.64098","164.05119","185.92991","148.96739","139.52312","133.02945","126.88393","128.3783","","","",
"Latin America & Caribbean (excluding high income)","LAC","Researchers in R&D (per million people)","SP.POP.SCIE.RD.P6","","","","","","","","","","","","","","","","","","","","","","","","","","","","","","","","","","","","","","","","","288.841295202463","290.555546493194","319.658891839932","347.790787866184","399.816284622473","418.968736286687","400.898048706096","412.483532029612","413.214421773394","445.137080215724","473.102221719598","","","","","",
"Lao PDR","LAO","Researchers in R&D (per million people)","SP.POP.SCIE.RD.P6","","","","","","","","","","","","","","","","","","","","","","","","","","","","","","","","","","","","","","","","","","","15.81145","","","","","","","","","","","","","",
"Lebanon","LBN","Researchers in R&D (per million people)","SP.POP.SCIE.RD.P6","","","","","","","","","","","","","","","","","","","","","","","","","","","","","","","","","","","","","","","","","","","","","","","","","","","","","","","","",
"Liberia","LBR","Researchers in R&D (per million people)","SP.POP.SCIE.RD.P6","","","","","","","","","","","","","","","","","","","","","","","","","","","","","","","","","","","","","","","","","","","","","","","","","","","","","","","","",
"Libya","LBY","Researchers in R&D (per million people)","SP.POP.SCIE.RD.P6","","","","","","","","","","","","","","","","","","","","","","","","","","","","","","","","","","","","","","","","","","","","","","","","","","","","","","","","",
"St. Lucia","LCA","Researchers in R&D (per million people)","SP.POP.SCIE.RD.P6","","","","","","","","","","","","","","","","","","","","","","","","","","","","","","","","","","","","","","","","","","","","","","","","","","","","","","","","",
"Latin America & Caribbean","LCN","Researchers in R&D (per million people)","SP.POP.SCIE.RD.P6","","","","","","","","","","","","","","","","","","","","","","","","","","","","","","","","","","","","","","","","","328.511303844793","326.064941037773","352.936961009755","380.985335762973","433.495167273148","454.609765449554","444.143931899558","457.465225561655","461.497815333133","493.021612818215","524.395560600961","","","","","",
"Least developed countries: UN classification","LDC","Researchers in R&D (per million people)","SP.POP.SCIE.RD.P6","","","","","","","","","","","","","","","","","","","","","","","","","","","","","","","","","","","","","","","","","","","","","","","","","","","","","","","","",
"Low income","LIC","Researchers in R&D (per million people)","SP.POP.SCIE.RD.P6","","","","","","","","","","","","","","","","","","","","","","","","","","","","","","","","","","","","","","","","","","","","","","","","","","","","","","","","",
"Liechtenstein","LIE","Researchers in R&D (per million people)","SP.POP.SCIE.RD.P6","","","","","","","","","","","","","","","","","","","","","","","","","","","","","","","","","","","","","","","","","","","","","","","","","","","","","","","","",
"Sri Lanka","LKA","Researchers in R&D (per million people)","SP.POP.SCIE.RD.P6","","","","","","","","","","","","","","","","","","","","","","","","","","","","","","","","","","","","","187.66127","","","","135.06359","","","","138.2761","","93.17614","","98.84933","","105.93371","","","","","",
"Lower middle income","LMC","Researchers in R&D (per million people)","SP.POP.SCIE.RD.P6","","","","","","","","","","","","","","","","","","","","","","","","","","","","","","","","","","","","","","","","","","","","","","","","","","","","","","","","",
"Low & middle income","LMY","Researchers in R&D (per million people)","SP.POP.SCIE.RD.P6","","","","","","","","","","","","","","","","","","","","","","","","","","","","","","","","","","","","","","","","","","","","","","566.964292707927","","","","","614.462010748646","","","","","",
"Lesotho","LSO","Researchers in R&D (per million people)","SP.POP.SCIE.RD.P6","","","","","","","","","","","","","","","","","","","","","","","","","","","","","","","","","","","","","","","","","","","6.3644","7.89982","10.46002","","","","","23.0103","","5.85356","","","","",
"Late-demographic dividend","LTE","Researchers in R&D (per million people)","SP.POP.SCIE.RD.P6","","","","","","","","","","","","","","","","","","","","","","","","","","","","","","","","","","","","","772.305177052763","789.909452700791","729.392955139998","739.747163979616","793.577826868133","813.464016762859","821.416861342777","868.185771949278","910.234760978922","1003.70121425013","1056.80641771206","1143.41855450813","1226.05045511073","993.79557863908","1042.75641078937","1133.90446718873","1211.10223529081","1278.99646539982","","",
"Lithuania","LTU","Researchers in R&D (per million people)","SP.POP.SCIE.RD.P6","","","","","","","","","","","","","","","","","","","","","","","","","","","","","","","","","","","","","2090.96532","2182.4201","2379.91259","2429.15233","2230.68501","2334.54171","1842.88408","1939.50141","2178.4189","2284.2919","2414.13704","2593.81479","2619.10515","2676.17692","2753.58769","2732.37124","2659.70848","2887.16213","","",
"Luxembourg","LUX","Researchers in R&D (per million people)","SP.POP.SCIE.RD.P6","","","","","","","","","","","","","","","","","","","","","","","","","","","","","","","","","","","","","","","","","3773.38589","","","4357.05008","4494.6506","4864.07031","4412.45333","4635.72113","4715.93287","4828.94952","5190.11044","5829.05914","4677.36756","4799.54486","","",
"Latvia","LVA","Researchers in R&D (per million people)","SP.POP.SCIE.RD.P6","","","","","","","","","","","","","","","","","","","","","","","","","","","","","","","","","","","","","1154.86077","1072.03236","1058.95264","1096.67027","1608.2777","1491.16579","1489.59892","1400.55777","1472.79386","1473.36165","1789.36431","1914.45248","2038.04189","1710.19129","1863.65204","1912.62034","1916.45926","1801.81792","","",
"Macao SAR, China","MAC","Researchers in R&D (per million people)","SP.POP.SCIE.RD.P6","","","","","","","","","","","","","","","","","","","","","","","","","","","","","","","","","","","","","","","","","","260.90648","236.39172","325.89838","532.9507","635.48144","572.4077","396.93969","394.65851","575.17669","654.21435","615.16567","744.94006","928.25355","","",
"St. Martin (French part)","MAF","Researchers in R&D (per million people)","SP.POP.SCIE.RD.P6","","","","","","","","","","","","","","","","","","","","","","","","","","","","","","","","","","","","","","","","","","","","","","","","","","","","","","","","",
"Morocco","MAR","Researchers in R&D (per million people)","SP.POP.SCIE.RD.P6","","","","","","","","","","","","","","","","","","","","","","","","","","","","","","","","","","","","","","","","","","","","","","","650.73532","643.76488","660.37132","","725.05884","851.90061","","","","",
"Monaco","MCO","Researchers in R&D (per million people)","SP.POP.SCIE.RD.P6","","","","","","","","","","","","","","","","","","","","","","","","","","","","","","","","","","","","","","","","","","","","","","","","","","","","","","","","",
"Moldova","MDA","Researchers in R&D (per million people)","SP.POP.SCIE.RD.P6","","","","","","","","","","","","","","","","","","","","","","","","","","","","","","","","","","","","","","","","","","","","656.08965","654.04641","621.2559","604.87602","627.83717","713.42256","698.51822","663.24184","678.55033","671.45158","643.88418","","",
"Madagascar","MDG","Researchers in R&D (per million people)","SP.POP.SCIE.RD.P6","","","","","","","","","","","","","","","","","","","","","","","","","","","","","","","","","","","","","","","14.40138","14.87275","15.24312","50.62896","47.08405","47.20133","47.7387","48.05801","47.75278","48.3712","46.67082","45.37536","52.13588","51.01743","","","","",
"Maldives","MDV","Researchers in R&D (per million people)","SP.POP.SCIE.RD.P6","","","","","","","","","","","","","","","","","","","","","","","","","","","","","","","","","","","","","","","","","","","","","","","","","","","","","","","","",
"Middle East & North Africa","MEA","Researchers in R&D (per million people)","SP.POP.SCIE.RD.P6","","","","","","","","","","","","","","","","","","","","","","","","","","","","","","","","","","","","","","","","","","","","","","","","","","","","","","","","",
"Mexico","MEX","Researchers in R&D (per million people)","SP.POP.SCIE.RD.P6","","","","","","","","","","","","","","","","","","","","","","","","","","","","","","","","","","","","","206.83766","218.70635","209.08882","216.05353","216.20761","224.38993","294.87121","313.95357","366.93884","400.20809","325.57973","335.25022","327.37219","367.86698","379.74756","383.20822","","","","",
"Marshall Islands","MHL","Researchers in R&D (per million people)","SP.POP.SCIE.RD.P6","","","","","","","","","","","","","","","","","","","","","","","","","","","","","","","","","","","","","","","","","","","","","","","","","","","","","","","","",
"Middle income","MIC","Researchers in R&D (per million people)","SP.POP.SCIE.RD.P6","","","","","","","","","","","","","","","","","","","","","","","","","","","","","","","","","","","","","","","","","482.111680502154","","","","","584.597692090007","","","","","655.983488427176","","","","","",
"Macedonia, FYR","MKD","Researchers in R&D (per million people)","SP.POP.SCIE.RD.P6","","","","","","","","","","","","","","","","","","","","","","","","","","","","","","","","","","","","","","621.52645","692.95983","678.21635","658.53202","613.3801","573.76475","549.66288","524.41961","544.81535","518.72439","505.98925","470.98526","433.72253","534.26931","446.6457","613.25975","676.42505","","",
"Mali","MLI","Researchers in R&D (per million people)","SP.POP.SCIE.RD.P6","","","","","","","","","","","","","","","","","","","","","","","","","","","","","","","","","","","","","","","","","","","","","","","38.54262","","","","29.17463","","","","","",
"Malta","MLT","Researchers in R&D (per million people)","SP.POP.SCIE.RD.P6","","","","","","","","","","","","","","","","","","","","","","","","","","","","","","","","","","","","","","","","","","","695.38896","702.52246","1104.3958","1206.2635","1302.85177","1220.61348","1331.22699","1206.42286","1453.65768","1833.00127","2040.44312","2106.79381","","",
"Myanmar","MMR","Researchers in R&D (per million people)","SP.POP.SCIE.RD.P6","","","","","","","","","","","","","","","","","","","","","","","","","","","","","","","","","","","","","","7.16838","7.22432","10.82643","","11.90978","17.19041","","","","","","","","","","","","","",
"Middle East & North Africa (excluding high income)","MNA","Researchers in R&D (per million people)","SP.POP.SCIE.RD.P6","","","","","","","","","","","","","","","","","","","","","","","","","","","","","","","","","","","","","","","","","","","","","","","","","584.248135853387","","626.111225089091","","","","","",
"Montenegro","MNE","Researchers in R&D (per million people)","SP.POP.SCIE.RD.P6","","","","","","","","","","","","","","","","","","","","","","","","","","","","","","","","","","","","","","","","","","","","","","","","","","","","760.08456","","646.76426","","",
"Mongolia","MNG","Researchers in R&D (per million people)","SP.POP.SCIE.RD.P6","","","","","","","","","","","","","","","","","","","","","","","","","","","","","","","","","","","","","","","","","","","","","","","","","","","","","","","","",
"Northern Mariana Islands","MNP","Researchers in R&D (per million people)","SP.POP.SCIE.RD.P6","","","","","","","","","","","","","","","","","","","","","","","","","","","","","","","","","","","","","","","","","","","","","","","","","","","","","","","","",
"Mozambique","MOZ","Researchers in R&D (per million people)","SP.POP.SCIE.RD.P6","","","","","","","","","","","","","","","","","","","","","","","","","","","","","","","","","","","","","","","","","","","","","","","15.50291","","19.29996","11.52665","37.51173","","","","","",
"Mauritania","MRT","Researchers in R&D (per million people)","SP.POP.SCIE.RD.P6","","","","","","","","","","","","","","","","","","","","","","","","","","","","","","","","","","","","","","","","","","","","","","","","","","","","","","","","",
"Mauritius","MUS","Researchers in R&D (per million people)","SP.POP.SCIE.RD.P6","","","","","","","","","","","","","","","","","","","","","","","","","","","","","","","","","","","","","","","","","","","","","","","","","","","","","181.11234","","","",
"Malawi","MWI","Researchers in R&D (per million people)","SP.POP.SCIE.RD.P6","","","","","","","","","","","","","","","","","","","","","","","","","","","","","","","","","","","","","","","","","","","","","","","","30.05547","","","49.56728","","","","","",
"Malaysia","MYS","Researchers in R&D (per million people)","SP.POP.SCIE.RD.P6","","","","","","","","","","","","","","","","","","","","","","","","","","","","","","","","","","","","","89.0838","","152.7856","","274.24398","","293.29591","","500.13765","","369.12319","","600.95886","1070.39376","1467.07338","1653.3843","1793.54826","","","",
"North America","NAC","Researchers in R&D (per million people)","SP.POP.SCIE.RD.P6","","","","","","","","","","","","","","","","","","","","","","","","","","","","","","","","","","","","","3116.00981126643","3213.68343135925","3365.33122568424","3425.17567114793","3479.34255658397","3560.24417224983","3637.77707700037","3873.14938638201","3796.35452533867","3769.29028225692","3833.95124198224","3839.52407030542","3990.59828535108","4109.29273851282","3944.43669683421","4081.93831047131","4065.56725795504","","","",
"Namibia","NAM","Researchers in R&D (per million people)","SP.POP.SCIE.RD.P6","","","","","","","","","","","","","","","","","","","","","","","","","","","","","","","","","","","","","","","","","","","","","","","","","","","","","","","","",
"New Caledonia","NCL","Researchers in R&D (per million people)","SP.POP.SCIE.RD.P6","","","","","","","","","","","","","","","","","","","","","","","","","","","","","","","","","","","","","","","","","","","","","","","","","","","","","","","","",
"Niger","NER","Researchers in R&D (per million people)","SP.POP.SCIE.RD.P6","","","","","","","","","","","","","","","","","","","","","","","","","","","","","","","","","","","","","","","","","","9.3624","8.61213","7.98293","8.15635","7.48956","","","","","","","","","","",
"Nigeria","NGA","Researchers in R&D (per million people)","SP.POP.SCIE.RD.P6","","","","","","","","","","","","","","","","","","","","","","","","","","","","","","","","","","","","","","","","","","","","","","","","38.57563","","","","","","","","",
"Nicaragua","NIC","Researchers in R&D (per million people)","SP.POP.SCIE.RD.P6","","","","","","","","","","","","","","","","","","","","","","","","","","","","","","","","","","","","","","71.03102","","","","","","","","","","","","","","","","","","",
"Netherlands","NLD","Researchers in R&D (per million people)","SP.POP.SCIE.RD.P6","","","","","","","","","","","","","","","","","","","","","","","","","","","","","","","","","","","","","2285.70186","2433.6583","2485.81142","2644.62615","2654.7098","2852.72515","2729.1512","2709.46121","2977.96208","2930.13944","3240.63531","3101.31227","3070.6673","2833.03227","3228.97939","3501.96152","4246.90008","4302.69644","","",
"Norway","NOR","Researchers in R&D (per million people)","SP.POP.SCIE.RD.P6","","","","","","","","","","","","","","","","","","","","","","","","","","","","","","","","","","","","","","3963.328","","4096.07771","","4360.00121","","4504.94163","4502.33492","4584.45528","4838.03128","5162.76186","5360.42902","5439.12673","5407.81898","5496.22574","5547.82064","5575.54417","","",
"Nepal","NPL","Researchers in R&D (per million people)","SP.POP.SCIE.RD.P6","","","","","","","","","","","","","","","","","","","","","","","","","","","","","","","","","","","","","","","","","","","61.18211","","","","","","","","","","","","","",
"Nauru","NRU","Researchers in R&D (per million people)","SP.POP.SCIE.RD.P6","","","","","","","","","","","","","","","","","","","","","","","","","","","","","","","","","","","","","","","","","","","","","","","","","","","","","","","","",
"New Zealand","NZL","Researchers in R&D (per million people)","SP.POP.SCIE.RD.P6","","","","","","","","","","","","","","","","","","","","","","","","","","","","","","","","","","","","","","2202.56725","","2296.79771","","2643.64865","","3075.22396","","3140.73648","","3445.00417","","3718.99719","","3700.77487","","","","",
"OECD members","OED","Researchers in R&D (per million people)","SP.POP.SCIE.RD.P6","","","","","","","","","","","","","","","","","","","","","","","","","","","","","","","","","","","","","2477.48279973375","2516.22644605747","2602.06481278008","2667.70987213881","2722.33220724133","2802.13489393884","2845.97484295007","2986.29653512636","3043.6239187868","3101.44662012288","3190.01121698384","3178.22385132994","3284.48736832721","3329.06523017169","3331.62022356664","3426.23106509823","3830.58715476716","","","",
"Oman","OMN","Researchers in R&D (per million people)","SP.POP.SCIE.RD.P6","","","","","","","","","","","","","","","","","","","","","","","","","","","","","","","","","","","","","","","","","","","","","","","","","","","","150.66341","170.26215","127.27289","","",
"Other small states","OSS","Researchers in R&D (per million people)","SP.POP.SCIE.RD.P6","","","","","","","","","","","","","","","","","","","","","","","","","","","","","","","","","","","","","","","","","","","","","","","","","","","","","","","","",
"Pakistan","PAK","Researchers in R&D (per million people)","SP.POP.SCIE.RD.P6","","","","","","","","","","","","","","","","","","","","","","","","","","","","","","","","","","","","","","77.43371","","","","","","","","82.74191","","164.85187","","165.75689","","150.99357","","166.91627","","",
"Panama","PAN","Researchers in R&D (per million people)","SP.POP.SCIE.RD.P6","","","","","","","","","","","","","","","","","","","","","","","","","","","","","","","","","","","","","111.88456","114.55657","158.34399","96.9634","94.42836","89.41046","94.44378","94.92551","84.9534","103.63628","105.36909","166.35654","132.33566","110.69278","111.469749450684","118.95777","","","","",
"Peru","PER","Researchers in R&D (per million people)","SP.POP.SCIE.RD.P6","","","","","","","","","","","","","","","","","","","","","","","","","","","","","","","","","","","","","","","","","","","","","","","","","","","","","","","","",
"Philippines","PHL","Researchers in R&D (per million people)","SP.POP.SCIE.RD.P6","","","","","","","","","","","","","","","","","","","","","","","","","","","","","","","","","","","","","","","","","","","","70.62646","","80.05445","","78.19885","","","","","","","","",
"Palau","PLW","Researchers in R&D (per million people)","SP.POP.SCIE.RD.P6","","","","","","","","","","","","","","","","","","","","","","","","","","","","","","","","","","","","","","","","","","","","","","","","","","","","","","","","",
"Papua New Guinea","PNG","Researchers in R&D (per million people)","SP.POP.SCIE.RD.P6","","","","","","","","","","","","","","","","","","","","","","","","","","","","","","","","","","","","","","","","","","","","","","","","","","","","","","","","",
"Poland","POL","Researchers in R&D (per million people)","SP.POP.SCIE.RD.P6","","","","","","","","","","","","","","","","","","","","","","","","","","","","","","","","","","","","","1359.43622","1441.09693","1457.27283","1465.20769","1433.60086","1459.65807","1475.10756","1523.87855","1584.8332","1616.13419","1548.19686","1594.66837","1604.25681","1585.02308","1672.36894","1661.72046","1735.34556","1850.71749","","",
"Pre-demographic dividend","PRE","Researchers in R&D (per million people)","SP.POP.SCIE.RD.P6","","","","","","","","","","","","","","","","","","","","","","","","","","","","","","","","","","","","","","","","","","","","","","","","","","","","","","","","",
"Puerto Rico","PRI","Researchers in R&D (per million people)","SP.POP.SCIE.RD.P6","","","","","","","","","","","","","","","","","","","","","","","","","","","","","","","","","","","","","","","","","","","","","","","","","","674.408935546875","","","","260.12094","","",
"Korea, Dem. People’s Rep.","PRK","Researchers in R&D (per million people)","SP.POP.SCIE.RD.P6","","","","","","","","","","","","","","","","","","","","","","","","","","","","","","","","","","","","","","","","","","","","","","","","","","","","","","","","",
"Portugal","PRT","Researchers in R&D (per million people)","SP.POP.SCIE.RD.P6","","","","","","","","","","","","","","","","","","","","","","","","","","","","","","","","","","","","","1247.11203","1342.79172","1441.11181","1538.59408","1628.47104","1717.47285","1832.03114","1945.81554","1980.77395","2015.8473","2344.02431","2670.52445","3820.19508","3761.39462","3922.91341","4172.86483","4041.66765","4141.71876","","",
"Paraguay","PRY","Researchers in R&D (per million people)","SP.POP.SCIE.RD.P6","","","","","","","","","","","","","","","","","","","","","","","","","","","","","","","","","","","","","","","","","","88.94643","82.59789","81.74113","86.80266","72.33207","","","77.06134","","","50.36732","169.45799","","","",
"Pacific island small states","PSS","Researchers in R&D (per million people)","SP.POP.SCIE.RD.P6","","","","","","","","","","","","","","","","","","","","","","","","","","","","","","","","","","","","","","","","","","","","","","","","","","","","","","","","",
"Post-demographic dividend","PST","Researchers in R&D (per million people)","SP.POP.SCIE.RD.P6","","","","","","","","","","","","","","","","","","","","","","","","","","","","","","","","","","","","","2924.93480679633","2963.55433028362","3053.92954612893","3134.45364713746","3209.04795097175","3303.12940638968","3352.96368526406","3498.33462460809","3553.82764953464","3626.84591369895","3633.520357263","3672.83471210364","3803.91334288385","3868.22889902219","3870.05794837728","3940.36528414263","3985.34792105794","","","",
"French Polynesia","PYF","Researchers in R&D (per million people)","SP.POP.SCIE.RD.P6","","","","","","","","","","","","","","","","","","","","","","","","","","","","","","","","","","","","","","","","","","","","","","","","","","","","","","","","",
"Qatar","QAT","Researchers in R&D (per million people)","SP.POP.SCIE.RD.P6","","","","","","","","","","","","","","","","","","","","","","","","","","","","","","","","","","","","","","","","","","","","","","","","","","","","","597.06076","","","",
"Romania","ROU","Researchers in R&D (per million people)","SP.POP.SCIE.RD.P6","","","","","","","","","","","","","","","","","","","","","","","","","","","","","","","","","","","","","1328.81517","1256.15252","1224.20063","1053.14055","925.33764","897.32073","928.33659","965.12104","985.10922","1072.42193","896.9641","896.48531","935.02601","939.5784","974.44001","799.53603","903.28611","944.92503","","",
"Russian Federation","RUS","Researchers in R&D (per million people)","SP.POP.SCIE.RD.P6","","","","","","","","","","","","","","","","","","","","","","","","","","","","","","","","","","","","","3795.7607","3603.29494","3341.53767","3382.90144","3459.13054","3468.55382","3388.14859","3371.60319","3315.98182","3234.70756","3239.58533","3276.12225","3152.62038","3090.01132","3087.99155","3125.30122","3093.56286","3073.0918","","",
"Rwanda","RWA","Researchers in R&D (per million people)","SP.POP.SCIE.RD.P6","","","","","","","","","","","","","","","","","","","","","","","","","","","","","","","","","","","","","","","","","","","","","","","","","10.64581","12.28977","","","","","","",
"South Asia","SAS","Researchers in R&D (per million people)","SP.POP.SCIE.RD.P6","","","","","","","","","","","","","","","","","","","","","","","","","","","","","","","","","","","","","153.126065458121","","115.63131","","110.485615768619","","","","","129.088572486363","","","","","155.822703360773","","","","","",
"Saudi Arabia","SAU","Researchers in R&D (per million people)","SP.POP.SCIE.RD.P6","","","","","","","","","","","","","","","","","","","","","","","","","","","","","","","","","","","","","","","","","","","","","","","","","","","","","","","","",
"Sudan","SDN","Researchers in R&D (per million people)","SP.POP.SCIE.RD.P6","","","","","","","","","","","","","","","","","","","","","","","","","","","","","","","","","","","","","","","","","","","","","","","","","","","","","","","","",
"Senegal","SEN","Researchers in R&D (per million people)","SP.POP.SCIE.RD.P6","","","","","","","","","","","","","","","","","","","","","","","","","","","","","","","","","","","","","","","","","","","","","","","260.05253","275.44227","370.15617","","361.12337","","","","","",
"Singapore","SGP","Researchers in R&D (per million people)","SP.POP.SCIE.RD.P6","","","","","","","","","","","","","","","","","","","","","","","","","","","","","","","","","","","","","2551.20333","2656.36433","3050.73094","3295.75613","4245.03143","4160.9331","4380.99205","4706.45212","4881.85078","5291.76865","5424.78639","5768.56967","5740.83731","6148.9616","6306.51919","6495.98722","6442.27614","","","",
"Solomon Islands","SLB","Researchers in R&D (per million people)","SP.POP.SCIE.RD.P6","","","","","","","","","","","","","","","","","","","","","","","","","","","","","","","","","","","","","","","","","","","","","","","","","","","","","","","","",
"Sierra Leone","SLE","Researchers in R&D (per million people)","SP.POP.SCIE.RD.P6","","","","","","","","","","","","","","","","","","","","","","","","","","","","","","","","","","","","","","","","","","","","","","","","","","","","","","","","",
"El Salvador","SLV","Researchers in R&D (per million people)","SP.POP.SCIE.RD.P6","","","","","","","","","","","","","","","","","","","","","","","","","","","","","","","","","","","","","","","","","","","","","","","","","","","","","","","","",
"San Marino","SMR","Researchers in R&D (per million people)","SP.POP.SCIE.RD.P6","","","","","","","","","","","","","","","","","","","","","","","","","","","","","","","","","","","","","","","","","","","","","","","","","","","","","","","","",
"Somalia","SOM","Researchers in R&D (per million people)","SP.POP.SCIE.RD.P6","","","","","","","","","","","","","","","","","","","","","","","","","","","","","","","","","","","","","","","","","","","","","","","","","","","","","","","","",
"Serbia","SRB","Researchers in R&D (per million people)","SP.POP.SCIE.RD.P6","","","","","","","","","","","","","","","","","","","","","","","","","","","","","","","","","","","","","","","","","","","","","","","","964.48626","1095.35778","1149.32521","1212.59457","1298.76491","1313.86557","1380.90685","","",
"Sub-Saharan Africa (excluding high income)","SSA","Researchers in R&D (per million people)","SP.POP.SCIE.RD.P6","","","","","","","","","","","","","","","","","","","","","","","","","","","","","","","","","","","","","","","","","","","","","","","","","","","","","","","","",
"South Sudan","SSD","Researchers in R&D (per million people)","SP.POP.SCIE.RD.P6","","","","","","","","","","","","","","","","","","","","","","","","","","","","","","","","","","","","","","","","","","","","","","","","","","","","","","","","",
"Sub-Saharan Africa","SSF","Researchers in R&D (per million people)","SP.POP.SCIE.RD.P6","","","","","","","","","","","","","","","","","","","","","","","","","","","","","","","","","","","","","","","","","","","","","","","","","","","","","","","","",
"Small states","SST","Researchers in R&D (per million people)","SP.POP.SCIE.RD.P6","","","","","","","","","","","","","","","","","","","","","","","","","","","","","","","","","","","","","","","","","","","","","","","","","","","","","","","","",
"Sao Tome and Principe","STP","Researchers in R&D (per million people)","SP.POP.SCIE.RD.P6","","","","","","","","","","","","","","","","","","","","","","","","","","","","","","","","","","","","","","","","","","","","","","","","","","","","","","","","",
"Suriname","SUR","Researchers in R&D (per million people)","SP.POP.SCIE.RD.P6","","","","","","","","","","","","","","","","","","","","","","","","","","","","","","","","","","","","","","","","","","","","","","","","","","","","","","","","",
"Slovak Republic","SVK","Researchers in R&D (per million people)","SP.POP.SCIE.RD.P6","","","","","","","","","","","","","","","","","","","","","","","","","","","","","","","","","","","","","1863.32571","1857.95642","1884.80454","1709.23759","1848.28813","1779.5398","1704.76912","1787.89878","1990.58845","2027.89427","2185.68697","2291.32478","2332.40252","2460.22224","2808.04365","2832.16268","2819.85251","2717.58947","","",
"Slovenia","SVN","Researchers in R&D (per million people)","SP.POP.SCIE.RD.P6","","","","","","","","","","","","","","","","","","","","","","","","","","","","","","","","","","","","","2256.86537","2023.06048","2155.25263","2226.271","2180.37143","2262.24886","2335.18038","1898.60303","2024.18575","2631.07544","2920.3726","3097.96714","3463.01756","3644.98993","3753.02074","4261.24429","4306.59839","4216.8345","","",
"Sweden","SWE","Researchers in R&D (per million people)","SP.POP.SCIE.RD.P6","","","","","","","","","","","","","","","","","","","","","","","","","","","","","","","","","","","","","","4162.72251","","4503.90355","","5174.60398","","5388.16938","5431.13654","6100.66507","6132.65772","5004.96214","5443.11592","5069.09708","5255.85579","5134.98124","5163.74727","6472.61027","","",
"Swaziland","SWZ","Researchers in R&D (per million people)","SP.POP.SCIE.RD.P6","","","","","","","","","","","","","","","","","","","","","","","","","","","","","","","","","","","","","","","","","","","","","","","","","","","","","","","","",
"Sint Maarten (Dutch part)","SXM","Researchers in R&D (per million people)","SP.POP.SCIE.RD.P6","","","","","","","","","","","","","","","","","","","","","","","","","","","","","","","","","","","","","","","","","","","","","","","","","","","","","","","","",
"Seychelles","SYC","Researchers in R&D (per million people)","SP.POP.SCIE.RD.P6","","","","","","","","","","","","","","","","","","","","","","","","","","","","","","","","","","","","","","","","","","","","","","146.48382","","","","","","","","","","",
"Syrian Arab Republic","SYR","Researchers in R&D (per million people)","SP.POP.SCIE.RD.P6","","","","","","","","","","","","","","","","","","","","","","","","","","","","","","","","","","","","","","","","","","","","","","","","","","","","","","","","",
"Turks and Caicos Islands","TCA","Researchers in R&D (per million people)","SP.POP.SCIE.RD.P6","","","","","","","","","","","","","","","","","","","","","","","","","","","","","","","","","","","","","","","","","","","","","","","","","","","","","","","","",
"Chad","TCD","Researchers in R&D (per million people)","SP.POP.SCIE.RD.P6","","","","","","","","","","","","","","","","","","","","","","","","","","","","","","","","","","","","","","","","","","","","","","","","","","","","","","","","",
"East Asia & Pacific (IDA & IBRD countries)","TEA","Researchers in R&D (per million people)","SP.POP.SCIE.RD.P6","","","","","","","","","","","","","","","","","","","","","","","","","","","","","","","","","","","","","421.022468107784","437.950018575448","369.313603751921","394.936618786881","495.762841664553","501.046831933394","568.760550147386","615.533428666492","709.198359696121","786.198160488837","921.25360076372","984.149450239671","1188.23707980263","735.045636975057","914.573682257611","970.914234414339","1051.81643812852","1089.19205","","",
"Europe & Central Asia (IDA & IBRD countries)","TEC","Researchers in R&D (per million people)","SP.POP.SCIE.RD.P6","","","","","","","","","","","","","","","","","","","","","","","","","","","","","","","","","","","","","","","","","","","","2117.12851501543","2100.17530447743","2076.66651405908","1983.99824940861","1932.15658316699","1896.22392239839","1883.43942616119","1904.93382566165","1813.67314596082","1928.86487243882","1932.90034267716","","",
"Togo","TGO","Researchers in R&D (per million people)","SP.POP.SCIE.RD.P6","","","","","","","","","","","","","","","","","","","","","","","","","","","","","","","","","","","","","","","","","","","","26.87742","25.23693","33.34398","23.72572","36.66975","","","34.47115","34.61222","35.93464","","","",
"Thailand","THA","Researchers in R&D (per million people)","SP.POP.SCIE.RD.P6","","","","","","","","","","","","","","","","","","","","","","","","","","","","","","","","","","","","","100.83676","72.82194","","168.10287","","279.2707","","279.46263","","311.33864","","322.3941","","330.58747","","543.47373","","","","",
"Tajikistan","TJK","Researchers in R&D (per million people)","SP.POP.SCIE.RD.P6","","","","","","","","","","","","","","","","","","","","","","","","","","","","","","","","","","","","","","","","","","","","","","","","","","","","","","","","",
"Turkmenistan","TKM","Researchers in R&D (per million people)","SP.POP.SCIE.RD.P6","","","","","","","","","","","","","","","","","","","","","","","","","","","","","","","","","","","","","","","","","","","","","","","","","","","","","","","","",
"Latin America & the Caribbean (IDA & IBRD countries)","TLA","Researchers in R&D (per million people)","SP.POP.SCIE.RD.P6","","","","","","","","","","","","","","","","","","","","","","","","","","","","","","","","","","","","","","","","","328.511303844793","326.064941037773","352.936961009755","380.985335762973","433.495167273148","454.609765449554","444.143931899558","457.465225561655","461.497815333133","491.652084385443","524.395560600961","","","","","",
"Middle East & North Africa (IDA & IBRD countries)","TMN","Researchers in R&D (per million people)","SP.POP.SCIE.RD.P6","","","","","","","","","","","","","","","","","","","","","","","","","","","","","","","","","","","","","","","","","","","","","","","","","592.175528798715","","631.14680372623","","","","","",
"Timor-Leste","TLS","Researchers in R&D (per million people)","SP.POP.SCIE.RD.P6","","","","","","","","","","","","","","","","","","","","","","","","","","","","","","","","","","","","","","","","","","","","","","","","","","","","","","","","",
"Tonga","TON","Researchers in R&D (per million people)","SP.POP.SCIE.RD.P6","","","","","","","","","","","","","","","","","","","","","","","","","","","","","","","","","","","","","","","","","","","","","","","","","","","","","","","","",
"South Asia (IDA & IBRD)","TSA","Researchers in R&D (per million people)","SP.POP.SCIE.RD.P6","","","","","","","","","","","","","","","","","","","","","","","","","","","","","","","","","","","","","153.126065458121","","115.63131","","110.485615768619","","","","","129.088572486363","","","","","155.822703360773","","","","","",
"Sub-Saharan Africa (IDA & IBRD countries)","TSS","Researchers in R&D (per million people)","SP.POP.SCIE.RD.P6","","","","","","","","","","","","","","","","","","","","","","","","","","","","","","","","","","","","","","","","","","","","","","","","","","","","","","","","",
"Trinidad and Tobago","TTO","Researchers in R&D (per million people)","SP.POP.SCIE.RD.P6","","","","","","","","","","","","","","","","","","","","","","","","","","","","","","","","","","","","","","","","","","","","","","","","","","","","","","","","",
"Tunisia","TUN","Researchers in R&D (per million people)","SP.POP.SCIE.RD.P6","","","","","","","","","","","","","","","","","","","","","","","","","","","","","","","","","","","","","","","702.116516113281","731.208129882813","786.786987304688","519.22889","571.1559","672.36931","802.40069","892.35541","908.55231","934.97083","1031.88952","1263.99254","1266.16734","1264.90979","1393.10478","","","",
"Turkey","TUR","Researchers in R&D (per million people)","SP.POP.SCIE.RD.P6","","","","","","","","","","","","","","","","","","","","","","","","","","","","","","","","","","","","","304.1976","313.07692","308.50173","322.09329","365.00542","353.70905","368.44096","494.39813","505.81975","576.75547","620.96868","714.4862","750.7476","810.51786","889.78833","980.84247","1097.17206","1168.5989","","",
"Tuvalu","TUV","Researchers in R&D (per million people)","SP.POP.SCIE.RD.P6","","","","","","","","","","","","","","","","","","","","","","","","","","","","","","","","","","","","","","","","","","","","","","","","","","","","","","","","",
"Tanzania","TZA","Researchers in R&D (per million people)","SP.POP.SCIE.RD.P6","","","","","","","","","","","","","","","","","","","","","","","","","","","","","","","","","","","","","","","","","","","","","","","","","","","35.04166","","","","","",
"Uganda","UGA","Researchers in R&D (per million people)","SP.POP.SCIE.RD.P6","","","","","","","","","","","","","","","","","","","","","","","","","","","","","","","","","","","","","","","","","","","","","","","","","","","38.09117","","","","","",
"Ukraine","UKR","Researchers in R&D (per million people)","SP.POP.SCIE.RD.P6","","","","","","","","","","","","","","","","","","","","","","","","","","","","","","","","","","","","","","","","","","","","","","","1478.71572","1459.32267","1432.32854","1349.71068","1332.19791","1261.86049","1234.66158","1165.1822","","",
"Upper middle income","UMC","Researchers in R&D (per million people)","SP.POP.SCIE.RD.P6","","","","","","","","","","","","","","","","","","","","","","","","","","","","","","","","","","","","","709.413102310472","703.154214940117","648.760090972813","661.475247621945","726.023283633482","722.557754471838","771.894838662706","777.326616426226","828.381748439119","896.415110712347","955.293954976321","1036.18277409638","1106.01503017351","896.022100538516","949.218913947141","1012.18851552694","1151.99157521773","","","",
"Uruguay","URY","Researchers in R&D (per million people)","SP.POP.SCIE.RD.P6","","","","","","","","","","","","","","","","","","","","","","","","","","","","","","","","","","","","","","","","218.81548","277.51967","","373.22291","","","","","","273.66338","480.85487","549.13238","524.86849","537.27781","529.05411","","",
"United States","USA","Researchers in R&D (per million people)","SP.POP.SCIE.RD.P6","","","","","","","","","","","","","","","","","","","","","","","","","","","","","","","","","","","","","3122.39596","3224.05243","3388.00865","3445.10466","3475.51518","3545.55681","3630.32234","3870.20629","3764.83943","3718.04915","3781.6363","3757.78246","3911.75449","4071.78879","3866.96294","4010.84181","4018.63453","","","",
"Uzbekistan","UZB","Researchers in R&D (per million people)","SP.POP.SCIE.RD.P6","","","","","","","","","","","","","","","","","","","","","","","","","","","","","","","","","","","","","","","","","","","","","","","","","","","","533.7307","","","","",
"St. Vincent and the Grenadines","VCT","Researchers in R&D (per million people)","SP.POP.SCIE.RD.P6","","","","","","","","","","","","","","","","","","","","","","","","","","","","","","","","","","","","","","","","","","","","","","","","","","","","","","","","",
"Venezuela, RB","VEN","Researchers in R&D (per million people)","SP.POP.SCIE.RD.P6","","","","","","","","","","","","","","","","","","","","","","","","","","","","","","","","","","","","","","","49.18158","55.61255","61.06658","70.60883","69.33305","94.74988","104.46719","121.33386","146.09921","162.73555","187.11289","182.39685","200.13281","228.35681","290.94697","","","",
"British Virgin Islands","VGB","Researchers in R&D (per million people)","SP.POP.SCIE.RD.P6","","","","","","","","","","","","","","","","","","","","","","","","","","","","","","","","","","","","","","","","","","","","","","","","","","","","","","","","",
"Virgin Islands (U.S.)","VIR","Researchers in R&D (per million people)","SP.POP.SCIE.RD.P6","","","","","","","","","","","","","","","","","","","","","","","","","","","","","","","","","","","","","","","","","","","","","","","","","","","","","","","","",
"Vietnam","VNM","Researchers in R&D (per million people)","SP.POP.SCIE.RD.P6","","","","","","","","","","","","","","","","","","","","","","","","","","","","","","","","","","","","","","","","","","","113.87068","","","","","","","","","","","","","",
"Vanuatu","VUT","Researchers in R&D (per million people)","SP.POP.SCIE.RD.P6","","","","","","","","","","","","","","","","","","","","","","","","","","","","","","","","","","","","","","","","","","","","","","","","","","","","","","","","",
"West Bank and Gaza","PSE","Researchers in R&D (per million people)","SP.POP.SCIE.RD.P6","","","","","","","","","","","","","","","","","","","","","","","","","","","","","","","","","","","","","","","","","","","","","","","","74.57334","94.17156","143.18225","322.45538","","","564.06918","","",
"World","WLD","Researchers in R&D (per million people)","SP.POP.SCIE.RD.P6","","","","","","","","","","","","","","","","","","","","","","","","","","","","","","","","","","","","","","","","","1082.59625458797","","","","","1206.57907133944","","","","","1268.43299234878","","","","","",
"Samoa","WSM","Researchers in R&D (per million people)","SP.POP.SCIE.RD.P6","","","","","","","","","","","","","","","","","","","","","","","","","","","","","","","","","","","","","","","","","","","","","","","","","","","","","","","","",
"Yemen, Rep.","YEM","Researchers in R&D (per million people)","SP.POP.SCIE.RD.P6","","","","","","","","","","","","","","","","","","","","","","","","","","","","","","","","","","","","","","","","","","","","","","","","","","","","","","","","",
"South Africa","ZAF","Researchers in R&D (per million people)","SP.POP.SCIE.RD.P6","","","","","","","","","","","","","","","","","","","","","","","","","","","","","","","","","","","","","","198.80477","","","","311.15097","","300.84147","375.82507","357.84827","378.82075","388.78825","385.00075","388.15992","362.63022","385.07103","404.6859","","","",
"Congo, Dem. Rep.","COD","Researchers in R&D (per million people)","SP.POP.SCIE.RD.P6","","","","","","","","","","","","","","","","","","","","","","","","","","","","","","","","","","","","","","","","","","","","","","","","","","","","","","","","",
"Zambia","ZMB","Researchers in R&D (per million people)","SP.POP.SCIE.RD.P6","","","","","","","","","","","","","","","","","","","","","","","","","","","","","","","","","","","","","46.83054","50.69778","52.61893","51.99184","","","","","","","","","40.87055","","","","","","","",
"Zimbabwe","ZWE","Researchers in R&D (per million people)","SP.POP.SCIE.RD.P6","","","","","","","","","","","","","","","","","","","","","","","","","","","","","","","","","","","","","","","","","","","","","","","","","","","","","89.60912","","","",
